ConceptuallyRelatedTo	دخترباز	دختر/n
ConceptuallyRelatedTo	روان_پزشک	روان/n
DerivedFrom	اعتراضنامه	نامه/n
ConceptuallyRelatedTo	عصبی	عصب/n
Synonym	کوچه	زقاق/n
ConceptuallyRelatedTo	منزلگاه	منزل/n
ConceptuallyRelatedTo	چکى	چک/n
ConceptuallyRelatedTo	یخچال	یخ/n
ConceptuallyRelatedTo	یخچال	چال/n
ConceptuallyRelatedTo	تاجیکی	تاجیک/n
ConceptuallyRelatedTo	تاجیکی	تاجیکستان
ConceptuallyRelatedTo	سپاسگزار	سپاس/n
ConceptuallyRelatedTo	کارت_اعتباری	کارت/n
Synonym	دموکراسی	مردم‌سالاری/n
ConceptuallyRelatedTo	مکانیکی	مکانیک/n
ConceptuallyRelatedTo	مبله	مبل/n
ConceptuallyRelatedTo	تاجیکستان	تاجیک/n
ConceptuallyRelatedTo	تاجیکستان	ستان
ConceptuallyRelatedTo	تاریکی	تاریک/a
ConceptuallyRelatedTo	کوهستان	کوه/n
ConceptuallyRelatedTo	کوهستان	ستان
DerivedFrom	درک_کردن	کردن/v
DerivedFrom	درک_کردن	درک/a
ConceptuallyRelatedTo	زبان	زبان‌شناسی/n
ConceptuallyRelatedTo	دادستان	ستان
ConceptuallyRelatedTo	نمایشگاه	نمایش/n
ConceptuallyRelatedTo	پرنده‌شناسی	پرنده/n
DerivedFrom	سفر_کردن	کردن/v
ConceptuallyRelatedTo	سفر_کردن	سفر/n
ConceptuallyRelatedTo	دیوسان	دیو/n
DerivedFrom	کیسه_هوا	کیسه/n
ConceptuallyRelatedTo	کره	کره‌ای/n
ConceptuallyRelatedTo	کره	کره‌ای/a
ConceptuallyRelatedTo	کرم	کرم_ابریشم/n
ConceptuallyRelatedTo	کرم	کرم_کتاب/n
DerivedFrom	لنگرگاه	گاه/n
DerivedFrom	لنگرگاه	لنگر/n
DerivedFrom	صابرآباد	آباد/n
ConceptuallyRelatedTo	مردم_‌دوستی	مردم/n
ConceptuallyRelatedTo	اسلامی	جمهوری_اسلامی_ایران
ConceptuallyRelatedTo	حربی	حرب/n
ConceptuallyRelatedTo	بی‌کار	بی‌کاری/n
ConceptuallyRelatedTo	الشهید	شهید/n
ConceptuallyRelatedTo	درد	دست_شما_درد_نکنه
ConceptuallyRelatedTo	زخمی_شدن	زخم/n
ConceptuallyRelatedTo	فرنگی	توت_فرنگی/n
ConceptuallyRelatedTo	سریالی	سریال/n
DerivedFrom	صندوقدار	صندوق/n
ConceptuallyRelatedTo	صندوقدار	دار/n
DerivedFrom	ثابت_کردن	کردن/v
DerivedFrom	کم‌خونی	کم/a
Synonym	هیرکده	آتشکده/n
ConceptuallyRelatedTo	اسپانیایی	اسپانیولی/n
ConceptuallyRelatedTo	اسپانیایی	اسپانیا
Synonym	دگمه	تکمه/n
DerivedFrom	فیروزآباد	آباد/n
ConceptuallyRelatedTo	جمهوری_اسلامی_ایران	اسلامی/a
DerivedFrom	تبریک_گفتن	تبریک/i
ConceptuallyRelatedTo	آخرین	اخیرا/r
ConceptuallyRelatedTo	آخرین	آخر/n
ConceptuallyRelatedTo	ارغوان	ارغوانی/a
ConceptuallyRelatedTo	هفت‌سین	هفت
ConceptuallyRelatedTo	دیپلمات	دیپلماسی/n
ConceptuallyRelatedTo	مهبل	مهبلی/a
ConceptuallyRelatedTo	امپراتوری	امپراتور/n
ConceptuallyRelatedTo	لرستان	ستان
ConceptuallyRelatedTo	مالی	مال/n
ConceptuallyRelatedTo	آمریکایی	آمریکا
ConceptuallyRelatedTo	آزموده	آزمودگی/n
ConceptuallyRelatedTo	آزموده	آزمایش/n
ConceptuallyRelatedTo	آزموده	آزمودن/v
DerivedFrom	راه_رفتن	رفتن/v
ConceptuallyRelatedTo	راه_رفتن	راه/n
ConceptuallyRelatedTo	سکس	سکسی/a
ConceptuallyRelatedTo	تخت	تخت_طاووس
ConceptuallyRelatedTo	هر	توانا_بود_هر_که_دانا_بود
ConceptuallyRelatedTo	زبان_عربی	عربستان_سعودی
ConceptuallyRelatedTo	زبان_عربی	عربی/a
ConceptuallyRelatedTo	پشیمانی	پشیمان/a
ConceptuallyRelatedTo	ژاپنی	ژاپن
ConceptuallyRelatedTo	آلمان	آلمانی/a
ConceptuallyRelatedTo	آرامش	آرام/n
ConceptuallyRelatedTo	آتش	آتشکده/n
ConceptuallyRelatedTo	قالین	گلیم/n
DerivedFrom	نامهیا	نامه/n
Synonym	عادل	دادگر/a
ConceptuallyRelatedTo	پشمینه	پشم/n
ConceptuallyRelatedTo	ویروس	ویروسی/a
ConceptuallyRelatedTo	متاسفانه	متاسف/a
ConceptuallyRelatedTo	انقلاب_اسلامی	انقلاب/n
ConceptuallyRelatedTo	رئیس	ریاست/n
DerivedFrom	صفحه‌کلید	کلید/n
ConceptuallyRelatedTo	پر	پری/n
ConceptuallyRelatedTo	قانونی	قانون/n
ConceptuallyRelatedTo	ارزانی	ارزان/a
ConceptuallyRelatedTo	مهاجرت	مهاجر/n
DerivedFrom	اتو_کردن	کردن/v
ConceptuallyRelatedTo	ها	ان
ConceptuallyRelatedTo	کویتی	کویت
ConceptuallyRelatedTo	کرم_خورده	کرم/n
ConceptuallyRelatedTo	زور	زورخانه/n
ConceptuallyRelatedTo	یخ	یخی/a
ConceptuallyRelatedTo	کاشف	کشف/n
DerivedFrom	کمرنگ	کم/a
ConceptuallyRelatedTo	سر_درد	سر/n
ConceptuallyRelatedTo	میانجی	میانجیگری/n
ConceptuallyRelatedTo	آب_بینی	آب/n
ConceptuallyRelatedTo	شیطان	شیطانی/n
DerivedFrom	کارگاه	گاه/n
ConceptuallyRelatedTo	خواهرانه	خواهر/n
ConceptuallyRelatedTo	ذبح_کردن	ذبح/n
ConceptuallyRelatedTo	و	والله/i
DerivedFrom	مچ_پا	مچ/n
ConceptuallyRelatedTo	کریسمس_مبارک	کریسمس
ConceptuallyRelatedTo	فرهنگ	فرهنگستان/n
ConceptuallyRelatedTo	مجازات_مرگ	مجازات/n
ConceptuallyRelatedTo	تک‌شاخ	شاخ/n
ConceptuallyRelatedTo	اقیانوس	اقیانوسی/a
DerivedFrom	عالی‌قاپو	قاپو/n
ConceptuallyRelatedTo	اسلام	اسلامی/a
ConceptuallyRelatedTo	دختری	دختر/n
ConceptuallyRelatedTo	عدس	عدسی/n
ConceptuallyRelatedTo	آزمایش	آزموده/a
ConceptuallyRelatedTo	آزمایش	آزمودگی/n
ConceptuallyRelatedTo	آزمایش	آزمودن/v
ConceptuallyRelatedTo	لهستان	لهستانی/n
ConceptuallyRelatedTo	لهستان	ستان
ConceptuallyRelatedTo	بوسه	بوس/n
ConceptuallyRelatedTo	ارائه_دادن	ارائه/n
ConceptuallyRelatedTo	مسیح	مسیحیت/n
ConceptuallyRelatedTo	طلاقت	طلاق/n
ConceptuallyRelatedTo	ساختن	ساختمان/n
ConceptuallyRelatedTo	فرنگستان	ستان
Synonym	شاش	پیشاب/n
ConceptuallyRelatedTo	شاش	شاشیدن/v
Synonym	پاییز	خزان/n
ConceptuallyRelatedTo	عید_فطر	عید/n
ConceptuallyRelatedTo	توریست	توریستی/a
ConceptuallyRelatedTo	دست	دستبند/n
ConceptuallyRelatedTo	دست	دست_شما_درد_نکنه
DerivedFrom	مهشید	مه/n
Synonym	آگاهی	ویستا/n
DerivedFrom	بلند_کردن	کردن/v
Synonym	بلند_کردن	شق_کردن/v
ConceptuallyRelatedTo	بلند_کردن	بلند/a
ConceptuallyRelatedTo	خواهش_می‌کنم	خواهش/n
DerivedFrom	عدد_جبری	عدد/n
ConceptuallyRelatedTo	هیچ‌کس	کس/n
ConceptuallyRelatedTo	هیچ‌کس	کسی/n
ConceptuallyRelatedTo	لبنان	لبنانی/n
Synonym	سکر	مستی/n
DerivedFrom	فراموش_کردن	کردن/v
ConceptuallyRelatedTo	شاد	شادی/n
DerivedFrom	اسدآباد	آباد/n
ConceptuallyRelatedTo	دزد	دزدی/n
ConceptuallyRelatedTo	میانه	خاورمیانه
ConceptuallyRelatedTo	مجلس_شورای_اسلامی‌	مجلس/n
Synonym	ضرب_داخلی	ضرب_اسکالر/n
DerivedFrom	خداحافظی_کردن	کردن/v
DerivedFrom	زنا_کردن	زنا/n
ConceptuallyRelatedTo	انجیلی	انجیل/n
ConceptuallyRelatedTo	شورش	شورشی/n
ConceptuallyRelatedTo	گوشی	گوش/n
ConceptuallyRelatedTo	سبزی_خوار	سبزی/n
Synonym	دادگر	عادل/a
ConceptuallyRelatedTo	آشپزخانه	آشپز/n
ConceptuallyRelatedTo	آشپزخانه	سر_اشپز/n
ConceptuallyRelatedTo	فیلسوف	فلسفه/n
DerivedFrom	اجازه‌نامه	اجازه/n
DerivedFrom	همدردی	هم/r
Synonym	قاشق	چمچه/n
ConceptuallyRelatedTo	انقلابی	انقلاب/n
ConceptuallyRelatedTo	پنجه	پنج
ConceptuallyRelatedTo	طلاق_دادن	طلاق/n
DerivedFrom	جاسوسی_کردن	کردن/v
ConceptuallyRelatedTo	دامنه	دامن/n
Synonym	من	بنده/n
DerivedFrom	ولی_فقیه	ولی/n
ConceptuallyRelatedTo	شرمساری	شرم/n
DerivedFrom	ظفرآباد	آباد/n
ConceptuallyRelatedTo	راه	راه‌آهن/n
ConceptuallyRelatedTo	راه	راه_رفتن/v
ConceptuallyRelatedTo	حافظه	حافظ/n
ConceptuallyRelatedTo	دودلی	دودل/a
ConceptuallyRelatedTo	انتخابات	انتخاب/n
ConceptuallyRelatedTo	الکلی	الکل/n
DerivedFrom	literary_term	ادبی/a
DerivedFrom	وعده_کردن	وعده/n
DerivedFrom	اسلحه_گرم	اسلحه/n
DerivedFrom	پیچک	پیچ/n
ConceptuallyRelatedTo	شقایق_دریایی	شقایق/n
ConceptuallyRelatedTo	راهی	راه/n
ConceptuallyRelatedTo	خاور	خاورمیانه
ConceptuallyRelatedTo	مهمانی	مهمان/n
ConceptuallyRelatedTo	جانورشناسی	جانورشناس/n
ConceptuallyRelatedTo	جانورشناسی	جانور/n
ConceptuallyRelatedTo	بخاری_گاز	گاز/n
ConceptuallyRelatedTo	پادزهر	پادزهری/a
ConceptuallyRelatedTo	پادزهر	زهر/n
ConceptuallyRelatedTo	یشم	یشمی/a
DerivedFrom	زندگی_کردن	کردن/v
DerivedFrom	اتفاق_شدن	اتفاق/n
DerivedFrom	شاهنامه	شاه/n
DerivedFrom	شاهنامه	نامه/n
DerivedFrom	کون‌کش	کون/n
DerivedFrom	نیروگاه	گاه/n
ConceptuallyRelatedTo	یک	یکی/n
ConceptuallyRelatedTo	خر	خرگوش/n
ConceptuallyRelatedTo	تیر	تیز/r
ConceptuallyRelatedTo	حسابدار	حساب/n
ConceptuallyRelatedTo	حسابدار	دار/n
DerivedFrom	همدم	هم/r
ConceptuallyRelatedTo	تابستان	ستان
ConceptuallyRelatedTo	خواهش_کردن	خواهش/n
DerivedFrom	امضاء_کردن	کردن/v
ConceptuallyRelatedTo	ماچ	بوسه/n
ConceptuallyRelatedTo	بالغ_شدن	بالغ/n
ConceptuallyRelatedTo	پرست	وطن‌پرست/n
DerivedFrom	بمباران_کردن	کردن/v
ConceptuallyRelatedTo	بمباران_کردن	بمباران/n
Synonym	دانش	ویستا/n
ConceptuallyRelatedTo	دانش	دانشنامه/n
ConceptuallyRelatedTo	دانش	دانش‌آموز/n
ConceptuallyRelatedTo	دانش	داده‌ها/n
ConceptuallyRelatedTo	دبیرستان	ستان
DerivedFrom	عدد_حقیقی	عدد/n
ConceptuallyRelatedTo	دیوانه	دیوانگی/n
ConceptuallyRelatedTo	گل‌فروش	گل‌فروشی/n
ConceptuallyRelatedTo	ذهنی	ذهن/n
DerivedFrom	وصیت_نامه	نامه/n
DerivedFrom	چابک_زدن	چابک/n
ConceptuallyRelatedTo	بهارستان	ستان
Synonym	آذرکده	آتشکده/n
ConceptuallyRelatedTo	ده_هزار	ده/v
ConceptuallyRelatedTo	انرژی_هسته‌ای	انرژی/n
ConceptuallyRelatedTo	ارائه_کردن	ارائه/n
ConceptuallyRelatedTo	باران	بارانی/n
ConceptuallyRelatedTo	خشک_شدن	خشک/a
ConceptuallyRelatedTo	اسب_دریایی	اسب_آبی/n
Synonym	زردآلو	قیصی/n
ConceptuallyRelatedTo	برگی	برگ/n
ConceptuallyRelatedTo	بیمارستان	ستان
DerivedFrom	دراز_کشیدن	کشیدن/v
DerivedFrom	سرفه_کردن	کردن/v
ConceptuallyRelatedTo	نانوا	نانوائی/n
ConceptuallyRelatedTo	تنبلی_کردن	تنبلی/n
ConceptuallyRelatedTo	کشاورز	کشاورزی/n
ConceptuallyRelatedTo	باز_شدن	باز/a
ConceptuallyRelatedTo	جنوب	جنوبی/a
ConceptuallyRelatedTo	ترکستان	ستان
ConceptuallyRelatedTo	زمستانی	زمستان/n
DerivedFrom	تقدیر_نامه	نامه/n
ConceptuallyRelatedTo	اقتصاد	اقتصادی/a
ConceptuallyRelatedTo	ازبکستان	ستان
DerivedFrom	شجره_نامه	نامه/n
ConceptuallyRelatedTo	لاتی	لات/a
ConceptuallyRelatedTo	شن	شنی/a
ConceptuallyRelatedTo	سبز	سبزی/n
ConceptuallyRelatedTo	زمردی	زمرد/n
ConceptuallyRelatedTo	سخت	سخت‌افزار/n
ConceptuallyRelatedTo	نا_بالغ	بالغ/n
ConceptuallyRelatedTo	زیست	زیستن/v
ConceptuallyRelatedTo	عربی	عربستان_سعودی
ConceptuallyRelatedTo	عربی	عرب/a
ConceptuallyRelatedTo	فرض_كردن	فرض/n
ConceptuallyRelatedTo	مجله_هنر_آشپزي	آشپزی/n
ConceptuallyRelatedTo	زمین_خوردن	زمین/n
DerivedFrom	توت_سیاه	توت/n
ConceptuallyRelatedTo	چرم	چرمی/a
ConceptuallyRelatedTo	غلط_بودن	غلط/n
DerivedFrom	همشیره	هم/r
DerivedFrom	اسلحه‌خانه	اسلحه/n
ConceptuallyRelatedTo	گوهر_فروش	گوهر/n
ConceptuallyRelatedTo	شهردار	دار/n
ConceptuallyRelatedTo	چاق_کردن	چاق/a
DerivedFrom	داده‌های_خام	داده‌ها/n
ConceptuallyRelatedTo	داده‌های_خام	مدیریت_داده‌ها/n
DerivedFrom	هموطن	هم/r
ConceptuallyRelatedTo	هموطن	وطن/n
ConceptuallyRelatedTo	تشنه	تشنگی/n
DerivedFrom	وزن_کردن	وزن/n
Synonym	هم	نیز/r
ConceptuallyRelatedTo	هم	هموطن/n
ConceptuallyRelatedTo	که	توانا_بود_هر_که_دانا_بود
Synonym	روشنی	وضوح/n
ConceptuallyRelatedTo	کرم_ابریشم	کرم/n
ConceptuallyRelatedTo	بهشت	بهشتی/a
ConceptuallyRelatedTo	صبور	صبر/n
ConceptuallyRelatedTo	مهتابی	مهتاب/n
ConceptuallyRelatedTo	نظریه_اطلاعات	اطلاعات/n
ConceptuallyRelatedTo	یزدان	ایزد/n
ConceptuallyRelatedTo	دلدار	دار/n
ConceptuallyRelatedTo	دلدار	دل/n
DerivedFrom	بندری	بندر/n
ConceptuallyRelatedTo	طولی	طول/n
ConceptuallyRelatedTo	قد_کوتاه	قد/n
DerivedFrom	پیش‌بینی_کردن	پیش‌بینی/n
DerivedFrom	توت_معمولی	توت/n
ConceptuallyRelatedTo	زندانبان	زندان/n
ConceptuallyRelatedTo	زندانبان	زندانی/n
ConceptuallyRelatedTo	پشمالو	پشم/n
ConceptuallyRelatedTo	بوس	بوسه/n
ConceptuallyRelatedTo	یونانی	یونان
Synonym	بیت_المقدس	اورشلیم
ConceptuallyRelatedTo	گول_خوردن	گول/n
ConceptuallyRelatedTo	همدمی	همدم/n
ConceptuallyRelatedTo	پشم	پشمی/a
ConceptuallyRelatedTo	پشم	پشمالو/a
DerivedFrom	بو_کردن	کردن/v
ConceptuallyRelatedTo	بی‌گناه	بی
ConceptuallyRelatedTo	ابراهیمی	ابراهیم
Synonym	fingere	infingere/v
ConceptuallyRelatedTo	جبل‌الطارق	جبل/n
DerivedFrom	جناب_عالی	عالی/a
ConceptuallyRelatedTo	شاشیدن	شاش/n
ConceptuallyRelatedTo	بود	توانا_بود_هر_که_دانا_بود
ConceptuallyRelatedTo	گم_شدن	گم/a
ConceptuallyRelatedTo	خاکستری	خاکستر/n
ConceptuallyRelatedTo	خاکستری	خاک/n
ConceptuallyRelatedTo	دلواپس	دلواپسی/n
ConceptuallyRelatedTo	سوزنی	سوزن/n
ConceptuallyRelatedTo	سوزنی	طب_سوزنی/n
ConceptuallyRelatedTo	دمی	دم/n
ConceptuallyRelatedTo	نپالی	نپال
ConceptuallyRelatedTo	کردستان	کردی/n
ConceptuallyRelatedTo	کردستان	ستان
ConceptuallyRelatedTo	سه_طلاق	طلاق/n
ConceptuallyRelatedTo	اسکاتلندی	اسکاتلند
ConceptuallyRelatedTo	کارت_پستال	کارت/n
DerivedFrom	پرواز_کردن	کردن/v
ConceptuallyRelatedTo	پرواز_کردن	پرواز/n
ConceptuallyRelatedTo	کره_جنوبی	کره/n
ConceptuallyRelatedTo	میکرب‌شناس‌	میکرب/n
ConceptuallyRelatedTo	زمستان	زمستانی/a
ConceptuallyRelatedTo	زمستان	ستان
DerivedFrom	آخوندک	آخوند/n
ConceptuallyRelatedTo	سلطان	سلطانه/n
ConceptuallyRelatedTo	چرندی	چرند/n
ConceptuallyRelatedTo	عراقی	عراق
ConceptuallyRelatedTo	اساس	اساسی/n
ConceptuallyRelatedTo	پائیز	پائیزی/a
DerivedFrom	دربان	بان/n
ConceptuallyRelatedTo	زندان	زندانبان/n
ConceptuallyRelatedTo	زندان	زندانی/n
ConceptuallyRelatedTo	لالی	لال/a
ConceptuallyRelatedTo	زبان‌شناسی	زبان/n
ConceptuallyRelatedTo	گوجه_فرنگی	گوجه/n
DerivedFrom	مهتاب	مه/n
ConceptuallyRelatedTo	مهتاب	مهتابی/a
ConceptuallyRelatedTo	مهتاب	ماه/a
DerivedFrom	نفس_کشیدن	کشیدن/v
DerivedFrom	نفس_کشیدن	نفس/n
ConceptuallyRelatedTo	حالت	حال/n
ConceptuallyRelatedTo	گواهی‌نامه_رانندگی	گواهی‌نامه/n
Synonym	گورستان	قبرستان/n
ConceptuallyRelatedTo	گورستان	گور/n
ConceptuallyRelatedTo	گورستان	ستان
Synonym	زمین‌لرزه	زلزله/n
DerivedFrom	صبر_کردن	کردن/v
ConceptuallyRelatedTo	صبر_کردن	صبر/n
ConceptuallyRelatedTo	چاقوکش	چاقو/n
ConceptuallyRelatedTo	معمار	معماری/a
ConceptuallyRelatedTo	گل‌فروشی	گل‌فروش/n
ConceptuallyRelatedTo	آبشار	آب/n
ConceptuallyRelatedTo	بمباران	بمب/n
ConceptuallyRelatedTo	کاخ_سفید	کاخ/n
DerivedFrom	گوش_کردن	کردن/v
ConceptuallyRelatedTo	گوش_کردن	گوش/n
ConceptuallyRelatedTo	اجتماع	اجتماعی/a
ConceptuallyRelatedTo	سخت‌افزار	نرم‌افزار/n
DerivedFrom	بنگاه	بن/n
DerivedFrom	بنگاه	گاه/n
ConceptuallyRelatedTo	روانی	روان/n
ConceptuallyRelatedTo	ژاپن	ژاپنی/n
DerivedFrom	نمایندگی_کردن	کردن/v
DerivedFrom	تلفن_موبایل	تلفن/n
Synonym	تلفن_موبایل	تلفن_همراه/n
ConceptuallyRelatedTo	جهانی	جهان/n
ConceptuallyRelatedTo	پوست	پوسته/n
ConceptuallyRelatedTo	زنبور_عسل	عسل/n
ConceptuallyRelatedTo	کرم_شب_تاب	کرم/n
ConceptuallyRelatedTo	پول	پول_خرد/n
DerivedFrom	رد_کردن	کردن/v
ConceptuallyRelatedTo	میخک	میخ/n
DerivedFrom	تصمیم_داشتن	تصمیم/n
ConceptuallyRelatedTo	بوس_کردن	بوس/n
DerivedFrom	روزنامه	نامه/n
ConceptuallyRelatedTo	آریا	آریایی/a
ConceptuallyRelatedTo	حافظ	حافظه/n
ConceptuallyRelatedTo	شرق	شرقی/a
ConceptuallyRelatedTo	یهودی	یهودیت/n
ConceptuallyRelatedTo	ارمنستان	ستان
DerivedFrom	رانندگی_کردن	کردن/v
ConceptuallyRelatedTo	رانندگی_کردن	راندن/v
ConceptuallyRelatedTo	رانندگی_کردن	رانندگی/n
ConceptuallyRelatedTo	فرق	تفریق/n
DerivedFrom	خواب_رفتن	رفتن/v
ConceptuallyRelatedTo	زخمی	زخم/n
ConceptuallyRelatedTo	زشتی‌	زشت/a
DerivedFrom	غم_کشیدن	کشیدن/v
DerivedFrom	باور_کردن	باور/n
ConceptuallyRelatedTo	دانستن	دانا/n
DerivedFrom	معرفی_نامه	نامه/n
Synonym	ارتجاعی	الاستیک/a
ConceptuallyRelatedTo	کیهان	کیهان‌شناسی/n
ConceptuallyRelatedTo	کیهان	کیهانی/a
ConceptuallyRelatedTo	کیهان	کیهان‌شناس/n
ConceptuallyRelatedTo	قالیچه	گلیم/n
ConceptuallyRelatedTo	باز_هم	باز/a
ConceptuallyRelatedTo	آشپز	آشپزی/n
ConceptuallyRelatedTo	کوهستانی	کوه/n
DerivedFrom	دادگاه	گاه/n
ConceptuallyRelatedTo	دار_زدن	دار/n
ConceptuallyRelatedTo	شاهد_کردن	شهید/n
DerivedFrom	تفریح_کردن	کردن/v
ConceptuallyRelatedTo	بادامکی	بادامک/n
ConceptuallyRelatedTo	فیزیکی	فیزیک/n
DerivedFrom	تلفن_کردن	کردن/v
DerivedFrom	تلفن_کردن	تلفن/n
ConceptuallyRelatedTo	قزاقستان	ستان
ConceptuallyRelatedTo	گوشواره	گوش/n
ConceptuallyRelatedTo	اهریمن	اهریمنی/a
DerivedFrom	روشن_کردن	کردن/v
DerivedFrom	روشن_کردن	روشن/a
ConceptuallyRelatedTo	دیپلماسی	دیپلمات/n
ConceptuallyRelatedTo	زبان‌شناس	زبان‌شناسی/n
ConceptuallyRelatedTo	بهاری	بهار/n
ConceptuallyRelatedTo	زشت	زشتی‌/n
ConceptuallyRelatedTo	کلک_چال	چال/n
ConceptuallyRelatedTo	دودمانی	دودمان/n
ConceptuallyRelatedTo	آفتابی	آفتاب/n
ConceptuallyRelatedTo	ساختمان	ساختن/v
Synonym	اورشلیم_مقدس	اورشلیم
Synonym	اورشلیم_مقدس	بیت_المقدس/n
ConceptuallyRelatedTo	اتم	اتمی/a
Synonym	روز	یوم/n
ConceptuallyRelatedTo	روز	روزی/n
ConceptuallyRelatedTo	روز	روزنامه/n
ConceptuallyRelatedTo	روس	روسی/n
ConceptuallyRelatedTo	بامدادی	بامداد/n
ConceptuallyRelatedTo	قطری	قطر/n
ConceptuallyRelatedTo	پر_غلط	غلط/n
ConceptuallyRelatedTo	بلند_شدن	بلند/a
ConceptuallyRelatedTo	وزارت	وزیر/n
ConceptuallyRelatedTo	مردمی	مردم/n
ConceptuallyRelatedTo	پارلمانی	پارلمان/n
ConceptuallyRelatedTo	مهبلی	مهبل/n
DerivedFrom	ایلی	ایل/n
DerivedFrom	گواهی_نامه	نامه/n
ConceptuallyRelatedTo	حجابی	حجاب/n
ConceptuallyRelatedTo	اثاثه	اثاث/n
DerivedFrom	فرودگاه	گاه/n
ConceptuallyRelatedTo	فرشتهای	فرشته/n
Synonym	لاستیک	کاپوت/n
Synonym	تفاوت	تفاضل/n
ConceptuallyRelatedTo	مردم‌شناس	مردم/n
ConceptuallyRelatedTo	نکنه	دست_شما_درد_نکنه
ConceptuallyRelatedTo	ذهین	ذهن/n
DerivedFrom	کونی	کون/n
ConceptuallyRelatedTo	بهائیت	بهائی/a
ConceptuallyRelatedTo	استخوان	استخوانی/a
ConceptuallyRelatedTo	بنده	بندگی/n
ConceptuallyRelatedTo	کرم_ریختن	کرم/n
ConceptuallyRelatedTo	آبستن	آبستنی/n
ConceptuallyRelatedTo	آزمون	آزموده/a
ConceptuallyRelatedTo	آزمون	آزمودگی/n
ConceptuallyRelatedTo	آزمون	آزمایش/n
ConceptuallyRelatedTo	آزمون	آزمودن/v
ConceptuallyRelatedTo	بعد	بعدی/a
ConceptuallyRelatedTo	اسبی	اسب/n
ConceptuallyRelatedTo	ضروری	ضرورت/n
ConceptuallyRelatedTo	آتش‌فشان	آتش/n
ConceptuallyRelatedTo	خوبی	خوب/r
ConceptuallyRelatedTo	دندان‌پزشکی	دندان/n
ConceptuallyRelatedTo	دندان‌پزشکی	دندان‌پزشک/n
ConceptuallyRelatedTo	پری	پر/a
ConceptuallyRelatedTo	نقاشی	نقاش/n
ConceptuallyRelatedTo	ته_دیگ	دیگ/n
ConceptuallyRelatedTo	ترکمنستان	ستان
DerivedFrom	کمانچه	کمان/n
ConceptuallyRelatedTo	شادابی	شاداب/a
ConceptuallyRelatedTo	بلغارستان	ستان
DerivedFrom	رأی_دادن	رأی/n
ConceptuallyRelatedTo	جان	نوش_جان
ConceptuallyRelatedTo	ابریشم	کرم_ابریشم/n
ConceptuallyRelatedTo	خوزستان	ستان
ConceptuallyRelatedTo	نجوم	نجم/n
DerivedFrom	کم‌کم	کم/a
ConceptuallyRelatedTo	قالی	گلیم/n
ConceptuallyRelatedTo	سر_اشپز	آشپز/n
Synonym	خیابان	زقاق/n
ConceptuallyRelatedTo	رزستان	ستان
DerivedFrom	سیگار_کشیدن	کشیدن/v
ConceptuallyRelatedTo	سیگار_کشیدن	سیگار/n
ConceptuallyRelatedTo	ضد_تانک	ضد/n
ConceptuallyRelatedTo	قیمتی	قیمت/n
DerivedFrom	افقی	افق/n
ConceptuallyRelatedTo	بازیچه	بازی/n
DerivedFrom	گریه_کردن	کردن/v
ConceptuallyRelatedTo	چهارشنبه_سوری	چهار/n
ConceptuallyRelatedTo	وطنی	وطن/n
ConceptuallyRelatedTo	معمولا	معمول/a
ConceptuallyRelatedTo	رنگ	رنگی/a
ConceptuallyRelatedTo	نوش	نوش_جان
ConceptuallyRelatedTo	اختری	اختر/n
ConceptuallyRelatedTo	ترش	ترشی/n
ConceptuallyRelatedTo	پشت	لاک‌پشت/n
ConceptuallyRelatedTo	پسته_خندان	پسته/n
ConceptuallyRelatedTo	الکل	الکلی/n
ConceptuallyRelatedTo	سازمان	سازمانی/a
ConceptuallyRelatedTo	مردم_‌دوست	مردم/n
ConceptuallyRelatedTo	پادزهری	پادزهر/n
ConceptuallyRelatedTo	زن	زنانه/a
ConceptuallyRelatedTo	زن	زنی/n
ConceptuallyRelatedTo	گوش‌_د‌ادن	گوش/n
ConceptuallyRelatedTo	یاوری	یاور/n
Synonym	پزشکی	طب/n
ConceptuallyRelatedTo	مردمک_چشم	مردمک/n
ConceptuallyRelatedTo	کس	کسی/n
ConceptuallyRelatedTo	پستی	پست/n
ConceptuallyRelatedTo	بلندی	بلند/a
ConceptuallyRelatedTo	جانور	جانورشناس/n
ConceptuallyRelatedTo	جانور	جانورشناسی/n
ConceptuallyRelatedTo	دخترانه	دختر/n
ConceptuallyRelatedTo	نوروز	نو/a
ConceptuallyRelatedTo	دهستان	ستان
ConceptuallyRelatedTo	آش	آشپز/n
ConceptuallyRelatedTo	آش	سر_اشپز/n
ConceptuallyRelatedTo	جهانگرد	جهان/n
ConceptuallyRelatedTo	گاز_طبیعی	گاز/n
ConceptuallyRelatedTo	ایرلندی	ایرلند
ConceptuallyRelatedTo	خیاط	خیاطی/n
DerivedFrom	سازمان_ملل	سازمان_ملل_متحد
ConceptuallyRelatedTo	ماشاءالله	ان‌شاءالله/i
ConceptuallyRelatedTo	راندن	رانندگی_کردن/v
ConceptuallyRelatedTo	راندن	رانندگی/n
Synonym	پژوهش	تحقیق/n
Synonym	ادرار	پیشاب/n
ConceptuallyRelatedTo	ادرار	ادراری/a
ConceptuallyRelatedTo	دهقانی	دهقان/n
ConceptuallyRelatedTo	بی‌جا	بی
ConceptuallyRelatedTo	عینک	عین/n
ConceptuallyRelatedTo	زیست‌شناسی	زیست/n
ConceptuallyRelatedTo	معماری	معمار/n
ConceptuallyRelatedTo	گاهی	گاه/n
ConceptuallyRelatedTo	مست	مستی/n
ConceptuallyRelatedTo	آب	آب_و_هوا/n
ConceptuallyRelatedTo	ژرف	ژرفا/n
DerivedFrom	کامل_کردن	کردن/v
ConceptuallyRelatedTo	کامل_کردن	کامل/a
ConceptuallyRelatedTo	سینه_بند	سینه/n
ConceptuallyRelatedTo	خیاطی	خیاط/n
DerivedFrom	خرم‌آباد	آباد/n
DerivedFrom	فکر_کردن	کردن/v
ConceptuallyRelatedTo	فکر_کردن	فکر/n
ConceptuallyRelatedTo	توریستی	توریست/n
ConceptuallyRelatedTo	پولدار	دار/n
ConceptuallyRelatedTo	رئیس_جمهور	رئیس/n
DerivedFrom	ازدواج_کردن	کردن/v
ConceptuallyRelatedTo	ازدواج_کردن	ازدواج/n
ConceptuallyRelatedTo	شرمگاه	شرم/n
ConceptuallyRelatedTo	آتش_زدن	آتش/n
Synonym	تکمه	دگمه/n
ConceptuallyRelatedTo	کره_اسب	کره/n
ConceptuallyRelatedTo	اخیر	اخیرا/r
ConceptuallyRelatedTo	احتمال	احتمالا/r
ConceptuallyRelatedTo	چس	چس_فیل/n
ConceptuallyRelatedTo	شهر	شهری/a
DerivedFrom	امسال	سال/n
ConceptuallyRelatedTo	روزنامه_نگار	روزنامه/n
ConceptuallyRelatedTo	خاموش	خاموشی/n
Synonym	چای	چا/n
ConceptuallyRelatedTo	ماندن	ماندنی/a
ConceptuallyRelatedTo	یشمی	یشم/n
ConceptuallyRelatedTo	آب_و_هوا	آب/n
DerivedFrom	کتابخانه	کتاب/n
ConceptuallyRelatedTo	نجار	نجاری/n
DerivedFrom	شنا_کردن	کردن/v
ConceptuallyRelatedTo	شنا_کردن	شنا/n
ConceptuallyRelatedTo	پرده_گوش	پرده/n
ConceptuallyRelatedTo	سازمان_ملل_متحد	ملل/n
ConceptuallyRelatedTo	سازمان_ملل_متحد	متحد/a
ConceptuallyRelatedTo	زهر	پادزهر/n
ConceptuallyRelatedTo	زهر	پادزهری/a
ConceptuallyRelatedTo	افق	افقی/a
DerivedFrom	ترجمه_کردن	کردن/v
DerivedFrom	تنگه_هرمز	تنگه/n
ConceptuallyRelatedTo	خرگوش	خر/a
ConceptuallyRelatedTo	مسیحی	مسیحیت/n
ConceptuallyRelatedTo	مسیحی	مسیح/n
ConceptuallyRelatedTo	ترشی	ترش/a
ConceptuallyRelatedTo	زمین	زمینی/a
ConceptuallyRelatedTo	قطره	قطر/n
ConceptuallyRelatedTo	فارسی_تاجیکی	تاجیک/n
ConceptuallyRelatedTo	فارسی_تاجیکی	تاجیکستان
ConceptuallyRelatedTo	چرمی	چرم/n
ConceptuallyRelatedTo	معلم	علم/n
ConceptuallyRelatedTo	معلم	تعلم/n
ConceptuallyRelatedTo	طبل_زدن	طبل/n
ConceptuallyRelatedTo	وطن‌پرست	وطن/n
ConceptuallyRelatedTo	وطن‌پرست	وطن‌پرستی/n
ConceptuallyRelatedTo	توانا	توانا_بود_هر_که_دانا_بود
ConceptuallyRelatedTo	رابط	رابطه/n
DerivedFrom	نامهربان	نامه/n
ConceptuallyRelatedTo	بی‌ستاره	بی
DerivedFrom	literary_technique	ادبی/a
ConceptuallyRelatedTo	کت_و_شلوار	کت/n
ConceptuallyRelatedTo	زبانی	زبان/n
DerivedFrom	لذت_بردن	لذت/n
ConceptuallyRelatedTo	اطلاعات	داده‌ها/n
Synonym	ماه	قمر/n
ConceptuallyRelatedTo	ماه	مهتاب/n
ConceptuallyRelatedTo	مردمشناسی	مردم/n
Synonym	قدس_شریف	اورشلیم
Synonym	قدس_شریف	بیت_المقدس/n
ConceptuallyRelatedTo	شبه‌جزیره_کره	کره/n
ConceptuallyRelatedTo	گول_زدن	گول/n
Synonym	کاپوت	لاستیک/n
ConceptuallyRelatedTo	بانک_اطلاعات	مدیریت_داده‌ها/n
ConceptuallyRelatedTo	بانک_اطلاعات	داده‌ها/n
ConceptuallyRelatedTo	آوردن	آور
ConceptuallyRelatedTo	دوست	دوست‌دختر/n
DerivedFrom	تلفن_زدن	تلفن/n
ConceptuallyRelatedTo	آخوند	آخوندک/n
DerivedFrom	تره_فرنگی	تره/n
ConceptuallyRelatedTo	اسپانیا	اسپانیولی/n
ConceptuallyRelatedTo	اسپانیا	اسپانیایی/a
DerivedFrom	اجازه_دادن	اجازه/n
ConceptuallyRelatedTo	خیس_کردن	خیس/a
ConceptuallyRelatedTo	خیس_کردن	خیساندن/v
Synonym	ترازو	میزان/n
ConceptuallyRelatedTo	لاک	لاک‌پشت/n
ConceptuallyRelatedTo	قاعدگی	قاعده/n
DerivedFrom	هماهنگ	هم/r
ConceptuallyRelatedTo	نوشتن	نویسنده/n
ConceptuallyRelatedTo	زنی	زنانه/a
DerivedFrom	توت_سفید	توت/n
ConceptuallyRelatedTo	صدا_کردن	صدا/n
ConceptuallyRelatedTo	فلفل	فلافل/n
ConceptuallyRelatedTo	کیهانی	کیهان/n
ConceptuallyRelatedTo	گرسنگی	گرسنه/a
ConceptuallyRelatedTo	پشمین	پشم/n
ConceptuallyRelatedTo	عصب‌شناسی	عصب‌شناس/n
ConceptuallyRelatedTo	عصب‌شناسی	عصب/n
ConceptuallyRelatedTo	پستان_بند	پستان/n
ConceptuallyRelatedTo	گل	گلدان/n
ConceptuallyRelatedTo	گل	گلستان/n
ConceptuallyRelatedTo	گل	گلچه/n
ConceptuallyRelatedTo	تلویزیونی	تلویزیون/n
ConceptuallyRelatedTo	جمهوری_کره	کره/n
Synonym	اسپانی	اسپانیا
ConceptuallyRelatedTo	چرند_گفتن	چرند/n
ConceptuallyRelatedTo	فرار	فراری/n
ConceptuallyRelatedTo	ناز	نازی/a
Synonym	کارواژه	فعل/n
ConceptuallyRelatedTo	گوهران	گوهر/n
ConceptuallyRelatedTo	نانوائی	نانوا/n
DerivedFrom	صندوقچه	صندوق/n
ConceptuallyRelatedTo	چریدن	چرند/n
ConceptuallyRelatedTo	سلطانه	سلطان/n
DerivedFrom	گیرنده_نامه	نامه/n
ConceptuallyRelatedTo	کودک	کودکستان/n
ConceptuallyRelatedTo	کودک	کودکی/n
ConceptuallyRelatedTo	چینی	چین/n
DerivedFrom	عرق_کردن	کردن/v
ConceptuallyRelatedTo	copy	فوتوکپی/n
ConceptuallyRelatedTo	خواب	خواب_رفتن/v
ConceptuallyRelatedTo	هزارپا	هزار/n
ConceptuallyRelatedTo	غلطی	غلط/n
ConceptuallyRelatedTo	انتخاب_کردن	انتخاب/n
ConceptuallyRelatedTo	هفت	هفته/n
ConceptuallyRelatedTo	کیهان‌شناسی	کیهان‌شناس/n
ConceptuallyRelatedTo	کیهان‌شناسی	کیهان/n
DerivedFrom	وکالتنامه	نامه/n
ConceptuallyRelatedTo	نوشیدن	نوشابه/n
ConceptuallyRelatedTo	علم_حقوق	حقوق/n
ConceptuallyRelatedTo	عددی	عدد/n
ConceptuallyRelatedTo	جنگ_سرد	سرد/a
DerivedFrom	formal_language	صوری/a
ConceptuallyRelatedTo	فیزیک_نظری	فیزیک/n
ConceptuallyRelatedTo	بستان	ستان
ConceptuallyRelatedTo	آبلیمو	آب/n
ConceptuallyRelatedTo	ایزدی	ایزد/n
ConceptuallyRelatedTo	گاز_گرفتن	گاز/n
Synonym	یعنی	اعنی/r
ConceptuallyRelatedTo	امپراتور	امپراتوری/n
ConceptuallyRelatedTo	مجازات_کردن	مجازات/n
ConceptuallyRelatedTo	یونان	یونانی/n
ConceptuallyRelatedTo	تفریق_کردن	تفریق/n
DerivedFrom	نبردناو	نبرد/n
ConceptuallyRelatedTo	قیمت	قیمتی/a
ConceptuallyRelatedTo	کتب	کتاب/n
Synonym	اژدرها	اژدر/n
Synonym	جنده	فاحشه/n
Synonym	وضوح	روشنی/n
ConceptuallyRelatedTo	عصب	عصب‌شناسی/n
ConceptuallyRelatedTo	عصب	عصب‌شناس/n
ConceptuallyRelatedTo	عصب	عصبی/a
ConceptuallyRelatedTo	افغانستان	ستان
ConceptuallyRelatedTo	ایزد	یزدان/n
ConceptuallyRelatedTo	ایزد	ایزدی/a
ConceptuallyRelatedTo	زیستن	زیست/n
ConceptuallyRelatedTo	دختر	دوست‌دختر/n
ConceptuallyRelatedTo	زنگ_زدن	زنگ/n
ConceptuallyRelatedTo	شنی	شن/n
ConceptuallyRelatedTo	فیزیک	فیزیکی/a
ConceptuallyRelatedTo	زرد	زردآلو/n
ConceptuallyRelatedTo	بلوچستان	ستان
ConceptuallyRelatedTo	خشونت_خانگی	خانگی/a
ConceptuallyRelatedTo	خشونت_خانگی	خشونت/n
Synonym	عسل	شهد/n
Synonym	عسل	انگبین/n
DerivedFrom	رنگین_کمان	کمان/n
ConceptuallyRelatedTo	آتش_گرفتن	آتش/n
ConceptuallyRelatedTo	دندان‌پزشک	دندان/n
ConceptuallyRelatedTo	دندان‌پزشک	دندان‌پزشکی/n
ConceptuallyRelatedTo	جاسوسی	جاسوس/n
ConceptuallyRelatedTo	امامی	امام/n
ConceptuallyRelatedTo	شهابی	شهاب/n
ConceptuallyRelatedTo	سازمانی	سازمان/n
ConceptuallyRelatedTo	دوجین	جین/n
Synonym	راست_کردن	شق_کردن/v
ConceptuallyRelatedTo	خاکی	خاک/n
ConceptuallyRelatedTo	پائیزی	پائیز/n
DerivedFrom	هبه_نامه	نامه/n
Synonym	آبریز	آفتابه/n
Synonym	آبریز	ابریق/n
ConceptuallyRelatedTo	انارستان	ستان
ConceptuallyRelatedTo	زیبا_کردن	زیبا/a
ConceptuallyRelatedTo	شبستان	ستان
ConceptuallyRelatedTo	تریاکی	تریاک/n
DerivedFrom	اضافه_کردن	کردن/v
ConceptuallyRelatedTo	مثلث	مثلثی/a
ConceptuallyRelatedTo	اهریمنی	اهریمن/n
ConceptuallyRelatedTo	مثلثی	مثلث/n
ConceptuallyRelatedTo	پزشک	دندان‌پزشک/n
ConceptuallyRelatedTo	تنهائی	تنها/a
ConceptuallyRelatedTo	لات	لاتی/n
ConceptuallyRelatedTo	بابی	باب/n
ConceptuallyRelatedTo	زبان_ترکی	ترکی/n
ConceptuallyRelatedTo	عربستان_سعودی	عربستان/n
ConceptuallyRelatedTo	عربستان_سعودی	عربی/a
ConceptuallyRelatedTo	عربستان_سعودی	عرب/a
ConceptuallyRelatedTo	لطفاً	لطف/n
DerivedFrom	اسکی_کردن	کردن/v
ConceptuallyRelatedTo	گوز	گوزیدن/v
ConceptuallyRelatedTo	اجاق_گاز	گاز/n
ConceptuallyRelatedTo	گوش	گوشواره/n
ConceptuallyRelatedTo	گوش	خرگوش/n
DerivedFrom	عدد_اول	عدد/n
ConceptuallyRelatedTo	قندی	قند/n
ConceptuallyRelatedTo	دوش_گرفتن	دوش/n
ConceptuallyRelatedTo	ایرلند	ایرلندی/a
ConceptuallyRelatedTo	هندی	هندوستان
DerivedFrom	کاوش_در_داده‌ها	داده‌ها/n
ConceptuallyRelatedTo	کاوش_در_داده‌ها	مدیریت_داده‌ها/n
ConceptuallyRelatedTo	گورخر	گور/n
ConceptuallyRelatedTo	مطلع	اطلاعات/n
DerivedFrom	literary_criticism	ادبی/a
ConceptuallyRelatedTo	اسب	اسب_آبی/n
ConceptuallyRelatedTo	اسب	اسبی/a
ConceptuallyRelatedTo	ترکیه	ترکی/n
ConceptuallyRelatedTo	اخیرا	اخیر/a
ConceptuallyRelatedTo	مکتب	کتاب/n
ConceptuallyRelatedTo	ژنتیک	ژن/n
ConceptuallyRelatedTo	ملی	ملیت/n
Synonym	همچنین	نیز/r
DerivedFrom	اشتباه_کردن	کردن/v
ConceptuallyRelatedTo	اشتباه_کردن	اشتباه/n
Synonym	درزی	خیاط/n
DerivedFrom	پالایشگاه	گاه/n
ConceptuallyRelatedTo	ریاکار	ریا/n
ConceptuallyRelatedTo	حربه	حرب/n
DerivedFrom	رأی_گیری	رأی/n
ConceptuallyRelatedTo	حق_طلاق	طلاق/n
ConceptuallyRelatedTo	آبی	آب/n
ConceptuallyRelatedTo	آبی	نیلوفر_آبی/n
DerivedFrom	ولایت_فقیه	فقیه/n
ConceptuallyRelatedTo	سردار	دار/n
Synonym	سیخ_کردن	شق_کردن/v
DerivedFrom	سلام_کردن	کردن/v
ConceptuallyRelatedTo	اندری	اندر/p
ConceptuallyRelatedTo	کشاورزی	کشاورز/n
DerivedFrom	میهن‌پرست	میهن/n
ConceptuallyRelatedTo	میهن‌پرست	میهن‌پرستی/n
ConceptuallyRelatedTo	نیلوفر	نیلوفر_آبی/n
ConceptuallyRelatedTo	رفتن	خواب_رفتن/v
ConceptuallyRelatedTo	رفتن	راه_رفتن/v
ConceptuallyRelatedTo	عکاس	عکاسی/n
ConceptuallyRelatedTo	شیطانی	شیطان/n
ConceptuallyRelatedTo	بعدی	بعد/r
ConceptuallyRelatedTo	پرده_بکارت	پرده/n
ConceptuallyRelatedTo	دندانی	دندان/n
ConceptuallyRelatedTo	دندانی	دندان‌پزشکی/n
ConceptuallyRelatedTo	داغستان	ستان
DerivedFrom	عدد_طبیعی	عدد/n
ConceptuallyRelatedTo	صبر	صبور/a
ConceptuallyRelatedTo	آهنگ	آهنگساز/n
ConceptuallyRelatedTo	دودل	دودلی/n
ConceptuallyRelatedTo	عرب	عربستان_سعودی
ConceptuallyRelatedTo	عرب	عربستان/n
ConceptuallyRelatedTo	عرب	عربی/a
ConceptuallyRelatedTo	اسرائیل	اسرائیلی/n
ConceptuallyRelatedTo	داخلی	داخل/p
ConceptuallyRelatedTo	فوتبال	فوتبالیست/n
ConceptuallyRelatedTo	جامعه‌شناس	جامعه‌شناسی/n
ConceptuallyRelatedTo	دودمان	دودمانی/a
DerivedFrom	صحبت_کردن	کردن/v
ConceptuallyRelatedTo	صحبت_کردن	صحبت/n
ConceptuallyRelatedTo	تاجیک	تاجیکستان
ConceptuallyRelatedTo	کره_زمین	کره/n
ConceptuallyRelatedTo	رابطه	رابط/n
ConceptuallyRelatedTo	پوسته	پوست/n
ConceptuallyRelatedTo	ایران	ایرانی/a
ConceptuallyRelatedTo	ایران	جمهوری_اسلامی_ایران
ConceptuallyRelatedTo	یخی	یخ/n
ConceptuallyRelatedTo	دلداده	دل/n
ConceptuallyRelatedTo	فیل	چس_فیل/n
ConceptuallyRelatedTo	آزمودن	آزموده/a
ConceptuallyRelatedTo	آزمودن	آزمودگی/n
ConceptuallyRelatedTo	آزمودن	آزمایش/n
ConceptuallyRelatedTo	متفرق	تفرق/n
ConceptuallyRelatedTo	جمهوری_دموکراتیک_خلق_کره	کره/n
DerivedFrom	مشرقی	مشرق/n
DerivedFrom	ماده_تاریک	ماده/n
ConceptuallyRelatedTo	ماده_تاریک	تاریک/a
ConceptuallyRelatedTo	میانجیگری	میانجی/n
ConceptuallyRelatedTo	قد_بلند	قد/n
ConceptuallyRelatedTo	طب	طبی/a
ConceptuallyRelatedTo	طب	طب_سوزنی/n
ConceptuallyRelatedTo	هندوستان	ستان
ConceptuallyRelatedTo	خاکستر_کردن	خاکستر/n
DerivedFrom	آبتنی_کردن	کردن/v
ConceptuallyRelatedTo	آبتنی_کردن	آبتنی/n
ConceptuallyRelatedTo	مبالغه	بالغ/n
ConceptuallyRelatedTo	نان	نانوا/n
ConceptuallyRelatedTo	نان	نانوائی/n
ConceptuallyRelatedTo	کشف	کاشف/n
ConceptuallyRelatedTo	کتبی	کتاب/n
ConceptuallyRelatedTo	پشمی	پشم/n
ConceptuallyRelatedTo	زندانی	زندانبان/n
ConceptuallyRelatedTo	زندانی	زندان/n
ConceptuallyRelatedTo	شکسته	شکستن/v
ConceptuallyRelatedTo	بدحجابی	حجاب/n
ConceptuallyRelatedTo	خدا_حافظ	حافظ/n
ConceptuallyRelatedTo	اداره_کردن	اداره/n
ConceptuallyRelatedTo	خشک_کردن	خشک/a
ConceptuallyRelatedTo	شرعی	شرع/n
ConceptuallyRelatedTo	وطن‌پرستی	وطن/n
ConceptuallyRelatedTo	وطن‌پرستی	وطن‌پرست/n
DerivedFrom	شاخ_آفریقا	آفریقا
DerivedFrom	تخت_طاووس	تخت/n
ConceptuallyRelatedTo	ملیت	ملی/a
ConceptuallyRelatedTo	دندان	دندان‌پزشک/n
ConceptuallyRelatedTo	دندان	دندان‌پزشکی/n
Synonym	اورشلیم	بیت_المقدس/n
ConceptuallyRelatedTo	امام	امامت/n
ConceptuallyRelatedTo	مختل_کردن	مختل/a
ConceptuallyRelatedTo	اعلام_کردن	اعلام/n
ConceptuallyRelatedTo	صورت	صورتی/a
ConceptuallyRelatedTo	احترام_گذاشتن	احترام/n
Synonym	تحقیق	پژوهش/n
ConceptuallyRelatedTo	مرد	مردم/n
ConceptuallyRelatedTo	اسلاو	اسلاوی/a
ConceptuallyRelatedTo	پاکستان	ستان
DerivedFrom	بحث_کردن	کردن/v
ConceptuallyRelatedTo	مجروح_کردن	مجروح/a
ConceptuallyRelatedTo	ساخته	ساختن/v
ConceptuallyRelatedTo	ساخته	ساختمان/n
ConceptuallyRelatedTo	مرجانی	مرجان/n
DerivedFrom	کنار_کشیدن	کشیدن/v
DerivedFrom	تشکر_کردن	کردن/v
ConceptuallyRelatedTo	تشکر_کردن	تشکر/i
ConceptuallyRelatedTo	خوش	خوش‌مزه/a
ConceptuallyRelatedTo	مولکولی	مولکول/n
ConceptuallyRelatedTo	اخترفیزیک	فیزیک/n
DerivedFrom	تخت_خواب	تخت/n
ConceptuallyRelatedTo	بدبخت	بخت/n
ConceptuallyRelatedTo	رقصیدن	رقص/n
ConceptuallyRelatedTo	بوستان	ستان
DerivedFrom	طلاق_نامه	نامه/n
DerivedFrom	چاپ_کردن	کردن/v
ConceptuallyRelatedTo	چاپ_کردن	چاپ/n
ConceptuallyRelatedTo	عتیقه	عتیق/a
DerivedFrom	چرت_و_پرت_گفتن	چرت_و_پرت/n
ConceptuallyRelatedTo	اهلی	اهل/n
DerivedFrom	مدل‌سازی_در_داده‌ها	داده‌ها/n
ConceptuallyRelatedTo	مدل‌سازی_در_داده‌ها	مدیریت_داده‌ها/n
ConceptuallyRelatedTo	رایگان	مجانی/a
ConceptuallyRelatedTo	عصب‌شناس	عصب‌شناسی/n
Synonym	مردم‌سالاری	دموکراسی/n
Synonym	اژدها	اژدرها/n
Synonym	اژدها	اژدر/n
DerivedFrom	پیازچه	پیاز/n
ConceptuallyRelatedTo	خرما	خرمایی/a
DerivedFrom	کم_شدن	کم/a
ConceptuallyRelatedTo	حقوق_بشر	بشر/n
ConceptuallyRelatedTo	حقوق_بشر	حقوق/n
ConceptuallyRelatedTo	نقره‌ای	نقره/n
ConceptuallyRelatedTo	صربستان_و_مونته‌نگرو	صربستان
ConceptuallyRelatedTo	فلسطینی	فلسطین
DerivedFrom	ماچ_کردن	کردن/v
ConceptuallyRelatedTo	ماچ_کردن	ماچ/n
ConceptuallyRelatedTo	ذاتی	ذات/n
ConceptuallyRelatedTo	گرجی	گرجستان
ConceptuallyRelatedTo	دلتنگ	دل/n
ConceptuallyRelatedTo	آشپزی_کردن	آشپزی/n
ConceptuallyRelatedTo	آرامی	آرام/n
ConceptuallyRelatedTo	شیمی	بیوشیمی/n
ConceptuallyRelatedTo	هم‌اتاقی	اتاق/n
ConceptuallyRelatedTo	گلستان	ستان
Synonym	مفید	سودمند/a
DerivedFrom	عدد_مختلط	عدد/n
Synonym	آفتابه	ابریق/n
ConceptuallyRelatedTo	خودکشی_کردن	خودکشی/n
DerivedFrom	ساکت	سکوت/n
ConceptuallyRelatedTo	شاخی	شاخ/n
ConceptuallyRelatedTo	رهبر_ارکستر	رهبر/n
ConceptuallyRelatedTo	رهبر_ارکستر	ارکستر/n
DerivedFrom	کمک_کردن	کردن/v
ConceptuallyRelatedTo	کمک_کردن	کمک/n
Synonym	آسان	سهل/a
ConceptuallyRelatedTo	هندوستانی	هندوستان
ConceptuallyRelatedTo	جامعه	جامعه‌شناسی/n
ConceptuallyRelatedTo	تیمارستان	ستان
ConceptuallyRelatedTo	سیب	سیب‌زمینی/n
ConceptuallyRelatedTo	تکثیر_کردن	تکثیر/n
ConceptuallyRelatedTo	زیبائی	زیبا/a
Synonym	قبرستان	گورستان/n
ConceptuallyRelatedTo	قبرستان	قبر/n
ConceptuallyRelatedTo	قبرستان	ستان
ConceptuallyRelatedTo	زنانه	زنی/n
ConceptuallyRelatedTo	کیهان‌شناس	کیهان‌شناسی/n
ConceptuallyRelatedTo	کیهان‌شناس	کیهان/n
ConceptuallyRelatedTo	پروانه	پروانگی/n
ConceptuallyRelatedTo	میکرب‌شناسی‌	میکرب/n
ConceptuallyRelatedTo	الله_کرم	کرم/n
ConceptuallyRelatedTo	مغولستان	ستان
ConceptuallyRelatedTo	زرشکی	زرشک/i
ConceptuallyRelatedTo	پست_الکترونیک	پست/n
DerivedFrom	اتابک	اتا/n
Synonym	مترجم	ترگمان/n
ConceptuallyRelatedTo	نورستان	ستان
ConceptuallyRelatedTo	شهرستان	ستان
ConceptuallyRelatedTo	ابدی	ابد/n
ConceptuallyRelatedTo	بازی	بازیچه/n
ConceptuallyRelatedTo	میخ_زدن	میخ/n
ConceptuallyRelatedTo	ملت	ملی/a
ConceptuallyRelatedTo	ملت	ملیت/n
ConceptuallyRelatedTo	بازنده	باز/a
ConceptuallyRelatedTo	استخوانی	استخوان/n
DerivedFrom	سگ‌_ماده	ماده/n
DerivedFrom	آرامگاه	گاه/n
ConceptuallyRelatedTo	مجارستان	ستان
DerivedFrom	حیدرآباد	آباد/n
ConceptuallyRelatedTo	یشم_سبز	یشمی/a
ConceptuallyRelatedTo	یشم_سبز	یشم/n
ConceptuallyRelatedTo	مستانی	مست/n
ConceptuallyRelatedTo	سفری	سفر/n
DerivedFrom	پاک_کردن	کردن/v
ConceptuallyRelatedTo	دیگ	ته_دیگ/n
DerivedFrom	کشتی_نوح	نوح
ConceptuallyRelatedTo	ارغوانی	ارغوان/n
ConceptuallyRelatedTo	عکسی	عکس/n
ConceptuallyRelatedTo	کشتگی	کشتار/n
ConceptuallyRelatedTo	اتمی	اتم/n
ConceptuallyRelatedTo	اتمی	بمب_اتمی/n
ConceptuallyRelatedTo	طبی	طب/n
ConceptuallyRelatedTo	آشپزی	آشپز/n
ConceptuallyRelatedTo	آشپزی	سر_اشپز/n
ConceptuallyRelatedTo	literature	ادبی/a
DerivedFrom	میهن‌پرستی	میهن/n
DerivedFrom	میهن‌پرستی	میهن‌پرست/n
ConceptuallyRelatedTo	تاریک	تاریکی/n
ConceptuallyRelatedTo	شادی	شاد/a
Synonym	الاستیک	ارتجاعی/a
DerivedFrom	پایگاه‌_داده‌ها	داده‌ها/n
ConceptuallyRelatedTo	پایگاه‌_داده‌ها	مدیریت_داده‌ها/n
ConceptuallyRelatedTo	لبنانی	لبنان
DerivedFrom	نارنجک	نارنج/n
DerivedFrom	باز_کردن	کردن/v
ConceptuallyRelatedTo	باز_کردن	باز/a
ConceptuallyRelatedTo	کرمانی	کرمان
ConceptuallyRelatedTo	ساحلی	ساحل/n
ConceptuallyRelatedTo	عید_پاک	عید/n
ConceptuallyRelatedTo	فرهنگستان	ستان
DerivedFrom	همسایه	هم/r
DerivedFrom	مغلوب_کردن	کردن/v
ConceptuallyRelatedTo	علوم_اطلاعات	اطلاعات/n
DerivedFrom	شاهزاده	شاه/n
ConceptuallyRelatedTo	محل	محلی/a
DerivedFrom	مات_کردن	مات/a
ConceptuallyRelatedTo	یمنی	یمن/n
ConceptuallyRelatedTo	نقره	نقره‌ای/a
ConceptuallyRelatedTo	آرام	آرامی/n
ConceptuallyRelatedTo	آرام	آرامش/n
ConceptuallyRelatedTo	جمهوری_اسلامی	اسلامی/a
DerivedFrom	نجف‌آباد	آباد/n
Synonym	تفاضل	تفاوت/n
ConceptuallyRelatedTo	خیساندن	خیس/a
ConceptuallyRelatedTo	خیساندن	خیس_کردن/v
ConceptuallyRelatedTo	اسکاتلند	اسکاتلندی/a
ConceptuallyRelatedTo	مستی	مست/n
ConceptuallyRelatedTo	گروهی	گروه/n
Synonym	ترگمان	مترجم/n
ConceptuallyRelatedTo	میخ	میخک/n
ConceptuallyRelatedTo	تنها	تنهائی/n
ConceptuallyRelatedTo	گوجه	گوجه_فرنگی/n
ConceptuallyRelatedTo	عصبانی	عصب/n
ConceptuallyRelatedTo	چربی	چرب/a
ConceptuallyRelatedTo	چتر	چادر/n
ConceptuallyRelatedTo	عراق	عراقی/n
ConceptuallyRelatedTo	سعدی	گلستان/n
ConceptuallyRelatedTo	داروخانه	دارو/n
ConceptuallyRelatedTo	مسیحیت	مسیح/n
DerivedFrom	باغبان	بان/n
ConceptuallyRelatedTo	طاووس	تخت_طاووس
ConceptuallyRelatedTo	خانه	زورخانه/n
ConceptuallyRelatedTo	خانه	خانگی/a
DerivedFrom	روزمه	مه/n
Synonym	تن‌فروشی	روسپی‌گری/n
ConceptuallyRelatedTo	عالم	علم/n
ConceptuallyRelatedTo	عالم	تعلم/n
ConceptuallyRelatedTo	برگچه	برگ/n
DerivedFrom	نامه_بر	نامه/n
DerivedFrom	حنائی	حنا/n
ConceptuallyRelatedTo	طبرستان	ستان
ConceptuallyRelatedTo	زبان_اردو	اردو/n
DerivedFrom	اجازه_گرفتن	اجازه/n
ConceptuallyRelatedTo	اساسی	اساس/n
ConceptuallyRelatedTo	مهمان	مهمانی/n
ConceptuallyRelatedTo	قهوه	قهوه‌ای/a
ConceptuallyRelatedTo	هفته	هفت
ConceptuallyRelatedTo	آواز	آوازی/a
ConceptuallyRelatedTo	لاغر_شدن	لاغر/a
ConceptuallyRelatedTo	فرستاده	فرستادن/v
ConceptuallyRelatedTo	اشتقاقی	اشتقاق/n
ConceptuallyRelatedTo	لهستانی	لهستان
Synonym	اژدر	اژدرها/n
ConceptuallyRelatedTo	عربستان	عرب/a
ConceptuallyRelatedTo	عربستان	ستان
ConceptuallyRelatedTo	نظامی	نظام/n
ConceptuallyRelatedTo	صده	صد
ConceptuallyRelatedTo	گره_زدن	گره/n
ConceptuallyRelatedTo	کره‌ای	کره/n
Synonym	کتاب	نامه/n
ConceptuallyRelatedTo	کتاب	کتابچه/n
ConceptuallyRelatedTo	کتاب	کتبی/a
ConceptuallyRelatedTo	کتاب	کرم_کتاب/n
ConceptuallyRelatedTo	حجاب_حاجز	حجاب/n
ConceptuallyRelatedTo	روان‌شناسی	روان/n
ConceptuallyRelatedTo	تنگی	تنگ/a
ConceptuallyRelatedTo	پرنده	پرنده‌شناسی/n
DerivedFrom	کون‌گشاد	کون/n
DerivedFrom	کتابدار	کتاب/n
ConceptuallyRelatedTo	کتابدار	دار/n
ConceptuallyRelatedTo	کتابدار	کتابخانه/n
ConceptuallyRelatedTo	آزمودگی	آزموده/a
ConceptuallyRelatedTo	آزمودگی	آزمایش/n
ConceptuallyRelatedTo	آزمودگی	آزمودن/v
ConceptuallyRelatedTo	جاسوس	جاسوسی/n
DerivedFrom	مدیریت_داده‌ها	داده‌ها/n
ConceptuallyRelatedTo	قبلا	قبل/a
ConceptuallyRelatedTo	علمی	علم/n
DerivedFrom	گرسنگی_کشیدن	کشیدن/v
Synonym	دکتر	طبیب/n
ConceptuallyRelatedTo	رحمن	رحیم/a
ConceptuallyRelatedTo	سرطانی	سرطان/n
Synonym	گائیدن	بکن‌بکن/v
ConceptuallyRelatedTo	سرما_خوردن	سرما/n
ConceptuallyRelatedTo	نوشیدنی	نوشابه/n
ConceptuallyRelatedTo	پناه	پناهنده/n
ConceptuallyRelatedTo	پناه	پناهگاه/n
ConceptuallyRelatedTo	جهانگردی	جهانگرد/n
Synonym	ابریق	آفتابه/n
ConceptuallyRelatedTo	خیس	خیس_کردن/v
ConceptuallyRelatedTo	خیس	خیساندن/v
ConceptuallyRelatedTo	پست_الکترونیکی	پست/n
ConceptuallyRelatedTo	فلفلی	فلفل/n
DerivedFrom	بت‌کده	بت/n
ConceptuallyRelatedTo	گرجستانی	گرجستان
ConceptuallyRelatedTo	بعد_از	بعد/r
ConceptuallyRelatedTo	ازبکی	ازبکستان
DerivedFrom	پیشنهاد_کردن	کردن/v
Synonym	دشوار	صعب/a
ConceptuallyRelatedTo	زنگی	زنگ/n
DerivedFrom	وجدانی	وجدان/n
DerivedFrom	شاهدخت	شاه/n
ConceptuallyRelatedTo	چرنده	چرند/n
ConceptuallyRelatedTo	فلزی	فلز/n
ConceptuallyRelatedTo	ریش	ریشو/a
ConceptuallyRelatedTo	علم	عالم/a
ConceptuallyRelatedTo	علم	تعلم/n
DerivedFrom	کم‌حرف	کم/a
ConceptuallyRelatedTo	ریاضیات	ریاضی/n
ConceptuallyRelatedTo	ویروسی	ویروس/n
ConceptuallyRelatedTo	ازبک	ازبکستان
ConceptuallyRelatedTo	خوشگل	خوشگلی/n
ConceptuallyRelatedTo	آلو	زردآلو/n
DerivedFrom	اعتبارنامه	نامه/n
Synonym	سودمند	مفید/a
ConceptuallyRelatedTo	تشنگی	تشنه/a
DerivedFrom	عدد_موهومی	عدد/n
ConceptuallyRelatedTo	بمب	بمب_اتمی/n
ConceptuallyRelatedTo	کاروانسرا	کاروان/n
ConceptuallyRelatedTo	کارت	کارت_پستال/n
ConceptuallyRelatedTo	اختراع_کردن	اختراع/n
ConceptuallyRelatedTo	الله	والله/i
Synonym	بیوشیمی	زیست‌شیمی/n
ConceptuallyRelatedTo	خط_عربی	عربستان_سعودی
ConceptuallyRelatedTo	خط_عربی	عربی/a
ConceptuallyRelatedTo	سیاستمداری	سیاستمدار/n
ConceptuallyRelatedTo	روان‌پزشکی	روان/n
ConceptuallyRelatedTo	روان‌پزشکی	روان_پزشک/n
ConceptuallyRelatedTo	مریخی	مریخ
ConceptuallyRelatedTo	دریا	دریاچه/n
DerivedFrom	ترمز_کردن	کردن/v
ConceptuallyRelatedTo	ترمز_کردن	ترمز/n
ConceptuallyRelatedTo	امامت	امام/n
ConceptuallyRelatedTo	قهوه‌ای	قهوه/n
DerivedFrom	ورزش_کردن	کردن/v
ConceptuallyRelatedTo	دخترک	دختر/n
ConceptuallyRelatedTo	توت	توت_فرنگی/n
ConceptuallyRelatedTo	انگلستان	ستان
ConceptuallyRelatedTo	زرشک	زرشکی/a
ConceptuallyRelatedTo	بسیجی	بسیج/n
ConceptuallyRelatedTo	چشم_پزشک	چشم‌پزشکی/n
ConceptuallyRelatedTo	جا	اینجا/r
DerivedFrom	تلفنی	تلفن/n
ConceptuallyRelatedTo	چین	چینی/n
ConceptuallyRelatedTo	زیباسازی	زیبا/a
ConceptuallyRelatedTo	قرمزى	قرمز/n
ConceptuallyRelatedTo	شاخه	شاخ/n
ConceptuallyRelatedTo	کرد	کردی/n
ConceptuallyRelatedTo	صدا_زدن	صدا/n
ConceptuallyRelatedTo	رستنی	رستن/v
ConceptuallyRelatedTo	ان‌شاءالله	ماشاءالله/i
DerivedFrom	اتو_کشیدن	کشیدن/v
ConceptuallyRelatedTo	ریاکاری	ریا/n
ConceptuallyRelatedTo	هوا	آب_و_هوا/n
DerivedFrom	نرم_نرمک	نرم/n
DerivedFrom	رزم_نامه	نامه/n
DerivedFrom	پیدا_کردن	کردن/v
ConceptuallyRelatedTo	خوابیدن	خواب_رفتن/v
ConceptuallyRelatedTo	یاور	یاوری/n
DerivedFrom	کاسه_سر	کاسه/n
ConceptuallyRelatedTo	غلط	غلط_بودن/v
Synonym	مه	قمر/n
ConceptuallyRelatedTo	کودکستان	ستان
ConceptuallyRelatedTo	جمهوری_چک	چک/n
DerivedFrom	کوشش_کردن	کردن/v
ConceptuallyRelatedTo	ییلاقی	ییلاق/n
ConceptuallyRelatedTo	کره_شمالی	کره/n
ConceptuallyRelatedTo	پستان	پستان_بند/n
ConceptuallyRelatedTo	آتش‌کده	آتش/n
DerivedFrom	جلال‌آباد	آباد/n
ConceptuallyRelatedTo	ضد_آب	ضد/n
ConceptuallyRelatedTo	شرمنده	شرم/n
ConceptuallyRelatedTo	انسانی	انسان/n
DerivedFrom	وعده_دادن	وعده/n
ConceptuallyRelatedTo	آوایش	آوا/n
DerivedFrom	فرار_مغزها	فرار/n
ConceptuallyRelatedTo	بند	دستبند/n
ConceptuallyRelatedTo	بند	سینه_بند/n
ConceptuallyRelatedTo	بند	پستان_بند/n
ConceptuallyRelatedTo	فرستادن	فرستاده/n
ConceptuallyRelatedTo	دارو	داروخانه/n
ConceptuallyRelatedTo	هنرستان	ستان
ConceptuallyRelatedTo	زمینی	زمین/n
ConceptuallyRelatedTo	زمینی	سیب‌زمینی/n
ConceptuallyRelatedTo	ته	ته_دیگ/n
ConceptuallyRelatedTo	بیمار	بیماری/n
ConceptuallyRelatedTo	اقیانوسی	اقیانوس/n
ConceptuallyRelatedTo	چس_فیل	چس/n
ConceptuallyRelatedTo	شرمسار	شرم/n
ConceptuallyRelatedTo	بیچاره	بی
ConceptuallyRelatedTo	نمایش‌نامه	نمایش/n
ConceptuallyRelatedTo	ساحل	ساحلی/a
Synonym	simulare	infingere/v
ConceptuallyRelatedTo	بی_رحم	رحم/n
Synonym	مغ‌کده	آتشکده/n
ConceptuallyRelatedTo	اهالی	اهل/n
ConceptuallyRelatedTo	خشکی	خشک/a
ConceptuallyRelatedTo	این	اینجا/r
DerivedFrom	کم_کردن	کردن/v
DerivedFrom	کم_کردن	کم/a
ConceptuallyRelatedTo	ذات	ذاتی/a
ConceptuallyRelatedTo	جهان	جهانی/a
DerivedFrom	کتابچه	کتاب/n
ConceptuallyRelatedTo	ابر	ابری/a
Synonym	شهد	انگبین/n
ConceptuallyRelatedTo	بندگی_کردن	بندگی/n
ConceptuallyRelatedTo	نجاری	نجار/n
DerivedFrom	کم‌خوابی	کم/a
DerivedFrom	دانشگاه	گاه/n
ConceptuallyRelatedTo	قشنگی	قشنگ/a
ConceptuallyRelatedTo	رهبر_معظم	رهبر/n
ConceptuallyRelatedTo	اشتباهی	اشتباه/n
ConceptuallyRelatedTo	خرد	پول_خرد/n
ConceptuallyRelatedTo	نشت_گاز	گاز/n
Synonym	شما	جناب_عالی/n
ConceptuallyRelatedTo	شما	دست_شما_درد_نکنه
ConceptuallyRelatedTo	یاد_گرفتن	یاد/n
ConceptuallyRelatedTo	ابد	ابدی/a
DerivedFrom	تصمیم_گرفتن	تصمیم/n
ConceptuallyRelatedTo	احتمالا	احتمال/n
ConceptuallyRelatedTo	پرنده‌شناس	پرنده/n
ConceptuallyRelatedTo	پرنده‌شناس	پرنده‌شناسی/n
ConceptuallyRelatedTo	جمهوری	جمهوری_اسلامی_ایران
DerivedFrom	تحلیل_داده‌ها	داده‌ها/n
ConceptuallyRelatedTo	تحلیل_داده‌ها	مدیریت_داده‌ها/n
ConceptuallyRelatedTo	گرم	گرمی/n
Synonym	فعل	کارواژه/n
ConceptuallyRelatedTo	مهندسی	مهندس/n
ConceptuallyRelatedTo	جانورشناس	جانورشناسی/n
ConceptuallyRelatedTo	جانورشناس	جانور/n
ConceptuallyRelatedTo	کرم_کتاب	کرم/n
ConceptuallyRelatedTo	مزه	خوش‌مزه/a
ConceptuallyRelatedTo	تخم_مرغ	تخم/n
DerivedFrom	تلفن_همراه	همراه/n
DerivedFrom	تلفن_همراه	تلفن/n
DerivedFrom	کون_و_مکان	کون/n
ConceptuallyRelatedTo	پشیمان	پشیمانی/n
DerivedFrom	کشف_کردن	کردن/v
ConceptuallyRelatedTo	کشف_کردن	کشف/n
DerivedFrom	جواب_دادن	جواب/n
ConceptuallyRelatedTo	شعر	شاعر/n
ConceptuallyRelatedTo	درگذشته	درگذشتن/v
ConceptuallyRelatedTo	شیطانه	شیطان/n
ConceptuallyRelatedTo	صوفیه	صوفی/n
DerivedFrom	دستارسر	دستار/n
ConceptuallyRelatedTo	احترام_کردن	احترام/n
DerivedFrom	سقط_جنین	جنین/n
ConceptuallyRelatedTo	راه‌آهن	راه/n
ConceptuallyRelatedTo	سیستان	ستان
ConceptuallyRelatedTo	دانا	توانا_بود_هر_که_دانا_بود
ConceptuallyRelatedTo	آبستنی	آبستن/a
ConceptuallyRelatedTo	لاستیکی	لاستیک/n
ConceptuallyRelatedTo	پیشرفت_کردن	پیشرفت/n
ConceptuallyRelatedTo	سیب‌زمینی	زمینی/a
ConceptuallyRelatedTo	سیب‌زمینی	سیب/n
ConceptuallyRelatedTo	یزدانی	یزدان/n
DerivedFrom	نرم‌افزار	نرم/n
ConceptuallyRelatedTo	نرم‌افزار	سخت‌افزار/n
DerivedFrom	همسر	هم/r
ConceptuallyRelatedTo	نیمکره	کره/n
Synonym	موبایل	تلفن_همراه/n
ConceptuallyRelatedTo	سینه	سینه_زنی/n
ConceptuallyRelatedTo	سینه	سینه_بند/n
ConceptuallyRelatedTo	سانسور	سانسور_کردن/v
ConceptuallyRelatedTo	مردمسالاری	مردم/n
ConceptuallyRelatedTo	اساسنامه	اساس/n
DerivedFrom	literary_device	ادبی/a
ConceptuallyRelatedTo	لال	لالی/n
ConceptuallyRelatedTo	نژادی	نژاد/n
Synonym	خزان	پاییز/n
Synonym	انگبین	شهد/n
Synonym	انگبین	عسل/n
ConceptuallyRelatedTo	عید_نوروز	عید/n
DerivedFrom	آه_کشیدن	کشیدن/v
ConceptuallyRelatedTo	اداره_پست	اداره/n
DerivedFrom	پیچ‌گوشتی	پیچ/n
ConceptuallyRelatedTo	حمام_گرفتن	حمام/n
ConceptuallyRelatedTo	بمب_اتمی	بمب/n
ConceptuallyRelatedTo	بمب_اتمی	اتمی/a
ConceptuallyRelatedTo	مهندس	مهندسی/n
ConceptuallyRelatedTo	ژکفر	ژکفری/n
ConceptuallyRelatedTo	فکری	فکر/n
ConceptuallyRelatedTo	آب_میوه	آب/n
ConceptuallyRelatedTo	فلسطین	فلسطینی/n
DerivedFrom	بازی_کردن	کردن/v
DerivedFrom	بازی_کردن	باختن/v
ConceptuallyRelatedTo	بازی_کردن	بازی/n
ConceptuallyRelatedTo	معمول	معمولا/r
ConceptuallyRelatedTo	صربستان	ستان
ConceptuallyRelatedTo	مردم	مردمک/n
ConceptuallyRelatedTo	خود	خودکشی/n
ConceptuallyRelatedTo	اختر	اختری/a
ConceptuallyRelatedTo	فال_گرفتن	فال/n
ConceptuallyRelatedTo	بوسیدن	بوس/n
ConceptuallyRelatedTo	جنگ	جنگی/a
DerivedFrom	formal_logic	صوری/a
DerivedFrom	همجنس‌باز	هم/r
ConceptuallyRelatedTo	کامل	کامل_کردن/v
ConceptuallyRelatedTo	مسلمانی	مسلمان/n
ConceptuallyRelatedTo	فنلاندی	فنلاند
ConceptuallyRelatedTo	جنسی	جنس/n
ConceptuallyRelatedTo	زیبا	زیبائی/n
ConceptuallyRelatedTo	دخت	دختر/n
ConceptuallyRelatedTo	طبابت	طب/n
ConceptuallyRelatedTo	فیلمی	فیلم/n
ConceptuallyRelatedTo	توچال	چال/n
ConceptuallyRelatedTo	سانسور_کردن	سانسور/n
ConceptuallyRelatedTo	آرامیدن	آرامی/n
ConceptuallyRelatedTo	زشت_کردن	زشت/a
ConceptuallyRelatedTo	تعلیم	تعلم/n
ConceptuallyRelatedTo	گم_کردن	گم/a
ConceptuallyRelatedTo	طب_سوزنی	سوزن/n
ConceptuallyRelatedTo	طب_سوزنی	طب/n
ConceptuallyRelatedTo	فقیر	فقر/n
ConceptuallyRelatedTo	شبكه_کردن	شبكه/n
ConceptuallyRelatedTo	وطن	هموطن/n
ConceptuallyRelatedTo	وطن	وطن‌پرست/n
Synonym	موغ‌بد	موبد/n
ConceptuallyRelatedTo	نایلونی	نایلون/n
ConceptuallyRelatedTo	مختل	مختل_کردن/v
ConceptuallyRelatedTo	سده	صد
ConceptuallyRelatedTo	گرجستان	ستان
ConceptuallyRelatedTo	شاهد	شهید/n
ConceptuallyRelatedTo	اسپانیولی	اسپانیایی/a
ConceptuallyRelatedTo	اسپانیولی	اسپانیا
DerivedFrom	شاه‌توت	شاه/n
DerivedFrom	شاه‌توت	توت/n
ConceptuallyRelatedTo	نامزدی	نامزد/n
DerivedFrom	دروازه‌بان	بان/n
DerivedFrom	آش_رشته	آش/n
ConceptuallyRelatedTo	کسی	کس/n
ConceptuallyRelatedTo	تخمه	تخم/n
ConceptuallyRelatedTo	رانندگی	راندن/v
ConceptuallyRelatedTo	رانندگی	رانندگی_کردن/v
DerivedFrom	خرید_کردن	کردن/v
ConceptuallyRelatedTo	عکاسی	عکاس/n
